pyr2,MSK1.Neck.NDI,MSK1.Neck.PI,MSK2.UpperExtremity.QDASH,MSK2.UpperExtremity.UE,MSK2.UpperExtremity.PENN,MSK3.Back.MDQ,MSK3.Back.PI,MSK4.LowerExtremity.LEFS,MSK4.LowerExtremity.PI,MSK4.LowerExtremity.HOOSJr,MSK5.Knee.KOS,MSK5.Knee.PF,MSK5.Knee.KOOSJr,MSK5.Knee.IKDC,MSK6.Neck.NPRS,MSK7.UpperExtremity.NPRS,MSK8.Back.NPRS,MSK9.LowerExtremity.NPRS,MSK10.Knee.NPRS
Missing,0,0,0,0,0,0,0,0,0,-1.32,-0.142977,0,0,0,0,0,0,0,0
Commercial,0.081133,0.1896,0.150728,0.2543,-0.23,0.168246,0,0.203928,0.2084,-0.73,0,0.1703,-0.47,-0.413,0.087405,0.1418,0.1499,0.1029,0.1237
Auto,-0.586198,-0.5421,-0.56085,0,0,-0.421854,0.423394,-0.291734,0,0,-0.640363,-0.3858,0,0,-0.593296,-0.4485,-0.4223,-0.4532,-0.4617
Industrial,-0.586198,-0.5421,-0.56085,0,0.389,-0.421854,0.423394,-0.291734,0,-0.0207,-0.640363,-0.3858,0.171,0.0529,-0.593296,-0.4485,-0.4223,-0.4532,-0.4617
Medicaid,-0.335581,-0.3837,-0.386921,-0.3249,0.39,-0.387372,0,-0.347939,0,-0.063,-0.43644,-0.3552,0.216,0.151,-0.465989,-0.3304,-0.4515,-0.3796,-0.2928
Medicare,0.152957,0,0.162513,0,-0.333,0.155177,0,-0.019581,0,-0.793,0,0,-0.683,-0.485,0.185506,0.204,0.2235,0.1377,0.209
Self,0,0,0,0,0,0,0,0,0,0,0,0,0,0,0,0,0,0,0