lower,upper,DurCat,MSK01.Neck.NDI,MSK01.Neck.PI,MSK02.UpperExtremity.QDASH,MSK02.UpperExtremity.UE,MSK02.UpperExtremity.PENN,MSK03.Back.MDQ,MSK03.Back.PI,MSK04.LowerExtremity.LEFS,MSK04.LowerExtremity.PI,MSK04.LowerExtremity.HOOSJr,MSK05.Knee.KOS,MSK05.Knee.PF,MSK05.Knee.KOOSJr,MSK05.Knee.IKDC,MSK11.Neck.NPRS,MSK12.UpperExtremity.NPRS,MSK13.Back.NPRS,MSK14.LowerExtremity.NPRS,MSK15.Knee.NPRS
Missing,Missing,Missing,0,0,0,0,0,0,0,0,0,0,0,0,0,0,0,0,0,0,0
0,30,"[0,30]",0,0,-0.4211621996,0,0,-0.3725916662,0,0,0,0,-0.5169665054,0,0,0,-0.474752071,-0.290960279,-0.4706003635,0,-0.415541451
31,90,"[31,90]",0.07409663711,0,-0.3946758458,0,0,-0.3084780499,0.5390601841,-0.4026311851,0,0,-0.2664434945,0,0,0,-0.3469997805,0,-0.3754764311,-0.1601633522,-0.1720670746
91,365,"[91,365]",0.2773388475,0,-0.08777828301,0,0,0,0,0.03345113401,0,0,-0.09813158472,0,0,0,-0.1188612864,-0.1079531361,-0.1143422748,-0.0209614687,-0.03306531313
366,Infinity,"[366,Inf]",0.5818323048,0.09989644701,0.1848532227,0,0,0.3406332901,0.7712066636,0.3489829543,0.05634649563,0,0.2994263346,0.668194279,0,0,0.2401959281,0.05190061249,0.2202373883,0.1869809996,0.1052094518