pyr2,MSK1.Neck.NDI,MSK1.Neck.PI,MSK2.UpperExtremity.QDASH,MSK2.UpperExtremity.UE,MSK2.UpperExtremity.PENN,MSK3.Back.MDQ,MSK3.Back.PI,MSK4.LowerExtremity.LEFS,MSK4.LowerExtremity.PI,MSK4.LowerExtremity.HOOSJr,MSK5.Knee.KOS,MSK5.Knee.PF,MSK5.Knee.KOOSJr,MSK5.Knee.IKDC,MSK6.Neck.NPRS,MSK7.UpperExtremity.NPRS,MSK8.Back.NPRS,MSK9.LowerExtremity.NPRS,MSK10.Knee.NPRS
Missing,0,0,0,0,0,0,0,0,0,-1.32,0,0,0,0,0,0,0,0,0
Comercial,0,0,-0.1260104066,0,0,-0.1321821709,0,-0.1707798204,0,-0.73,-0.08384906409,0,-0.47,0,-0.0429006081,-0.09134661326,-0.04983713383,-0.08061908774,-0.03861147908
Auto,0.3930668853,0.448198,0.5016939062,0,0,0.3561967878,0.423394,0.2534612036,0.412017,0,0.5164906645,0.319218,0,0,0.4026074451,0.4672285573,0.4262608222,0.482267122,0.5033782527
Industrial,0.3930668853,0.448198,0.5016939062,0,0,0.3561967878,0.423394,0.2534612036,0.412017,-0.0207,0.5164906645,0.319218,0.171,0,0.4026074451,0.4672285573,0.4262608222,0.482267122,0.5033782527
Medicaid,0.3842965091,0,0.3198828799,0,0,0.255231571,0,0.3413219325,0,-0.063,0.3438482016,0,0.216,0,0.4431572402,0.3118793091,0.4018260285,0.3859751651,0.3795518538
Medicare,-0.1089593896,0,-0.1251850728,0,0,-0.1103541628,0,0,0,-0.793,-0.1374502211,0,-0.683,0,-0.1343402324,-0.1352234101,-0.1065022129,-0.1141768834,-0.1432317162
Self,0,0,0,0,0,0,0,0,0,0,0,0,0,0,0,0,0,0,0